<?xml version="1.0" encoding="UTF-8"?>
<GenRun Id="impl_1" LaunchPart="xc7a100tcsg324-1" LaunchTime="1623762262">
  <File Type="BITSTR-BMM" Name="TopPPCPU_bd.bmm"/>
  <File Type="OPT-METHODOLOGY-DRC" Name="TopPPCPU_methodology_drc_opted.rpt"/>
  <File Type="INIT-TIMING" Name="TopPPCPU_timing_summary_init.rpt"/>
  <File Type="ROUTE-PWR" Name="TopPPCPU_power_routed.rpt"/>
  <File Type="PA-TCL" Name="TopPPCPU.tcl"/>
  <File Type="OPT-TIMING" Name="TopPPCPU_timing_summary_opted.rpt"/>
  <File Type="OPT-DCP" Name="TopPPCPU_opt.dcp"/>
  <File Type="ROUTE-PWR-SUM" Name="TopPPCPU_power_summary_routed.pb"/>
  <File Type="REPORTS-TCL" Name="TopPPCPU_reports.tcl"/>
  <File Type="OPT-DRC" Name="TopPPCPU_drc_opted.rpt"/>
  <File Type="OPT-HWDEF" Name="TopPPCPU.hwdef"/>
  <File Type="PWROPT-DCP" Name="TopPPCPU_pwropt.dcp"/>
  <File Type="PWROPT-DRC" Name="TopPPCPU_drc_pwropted.rpt"/>
  <File Type="PWROPT-TIMING" Name="TopPPCPU_timing_summary_pwropted.rpt"/>
  <File Type="PLACE-DCP" Name="TopPPCPU_placed.dcp"/>
  <File Type="PLACE-IO" Name="TopPPCPU_io_placed.rpt"/>
  <File Type="PLACE-CLK" Name="TopPPCPU_clock_utilization_placed.rpt"/>
  <File Type="PLACE-UTIL" Name="TopPPCPU_utilization_placed.rpt"/>
  <File Type="PLACE-UTIL-PB" Name="TopPPCPU_utilization_placed.pb"/>
  <File Type="PLACE-CTRL" Name="TopPPCPU_control_sets_placed.rpt"/>
  <File Type="PLACE-SIMILARITY" Name="TopPPCPU_incremental_reuse_placed.rpt"/>
  <File Type="PLACE-PRE-SIMILARITY" Name="TopPPCPU_incremental_reuse_pre_placed.rpt"/>
  <File Type="PLACE-TIMING" Name="TopPPCPU_timing_summary_placed.rpt"/>
  <File Type="POSTPLACE-PWROPT-DCP" Name="TopPPCPU_postplace_pwropt.dcp"/>
  <File Type="BG-BIN" Name="TopPPCPU.bin"/>
  <File Type="POSTPLACE-PWROPT-TIMING" Name="TopPPCPU_timing_summary_postplace_pwropted.rpt"/>
  <File Type="PHYSOPT-DCP" Name="TopPPCPU_physopt.dcp"/>
  <File Type="PHYSOPT-DRC" Name="TopPPCPU_drc_physopted.rpt"/>
  <File Type="BITSTR-MSK" Name="TopPPCPU.msk"/>
  <File Type="PHYSOPT-TIMING" Name="TopPPCPU_timing_summary_physopted.rpt"/>
  <File Type="ROUTE-ERROR-DCP" Name="TopPPCPU_routed_error.dcp"/>
  <File Type="ROUTE-DCP" Name="TopPPCPU_routed.dcp"/>
  <File Type="ROUTE-BLACKBOX-DCP" Name="TopPPCPU_routed_bb.dcp"/>
  <File Type="ROUTE-DRC" Name="TopPPCPU_drc_routed.rpt"/>
  <File Type="ROUTE-DRC-PB" Name="TopPPCPU_drc_routed.pb"/>
  <File Type="ROUTE-DRC-RPX" Name="TopPPCPU_drc_routed.rpx"/>
  <File Type="BITSTR-MMI" Name="TopPPCPU.mmi"/>
  <File Type="ROUTE-METHODOLOGY-DRC" Name="TopPPCPU_methodology_drc_routed.rpt"/>
  <File Type="ROUTE-METHODOLOGY-DRC-RPX" Name="TopPPCPU_methodology_drc_routed.rpx"/>
  <File Type="ROUTE-METHODOLOGY-DRC-PB" Name="TopPPCPU_methodology_drc_routed.pb"/>
  <File Type="ROUTE-PWR-RPX" Name="TopPPCPU_power_routed.rpx"/>
  <File Type="ROUTE-STATUS" Name="TopPPCPU_route_status.rpt"/>
  <File Type="ROUTE-STATUS-PB" Name="TopPPCPU_route_status.pb"/>
  <File Type="ROUTE-TIMINGSUMMARY" Name="TopPPCPU_timing_summary_routed.rpt"/>
  <File Type="ROUTE-TIMING-PB" Name="TopPPCPU_timing_summary_routed.pb"/>
  <File Type="ROUTE-TIMING-RPX" Name="TopPPCPU_timing_summary_routed.rpx"/>
  <File Type="ROUTE-SIMILARITY" Name="TopPPCPU_incremental_reuse_routed.rpt"/>
  <File Type="ROUTE-CLK" Name="TopPPCPU_clock_utilization_routed.rpt"/>
  <File Type="ROUTE-BUS-SKEW" Name="TopPPCPU_bus_skew_routed.rpt"/>
  <File Type="ROUTE-BUS-SKEW-PB" Name="TopPPCPU_bus_skew_routed.pb"/>
  <File Type="ROUTE-BUS-SKEW-RPX" Name="TopPPCPU_bus_skew_routed.rpx"/>
  <File Type="POSTROUTE-PHYSOPT-DCP" Name="TopPPCPU_postroute_physopt.dcp"/>
  <File Type="POSTROUTE-PHYSOPT-BLACKBOX-DCP" Name="TopPPCPU_postroute_physopt_bb.dcp"/>
  <File Type="POSTROUTE-PHYSOPT-TIMING" Name="TopPPCPU_timing_summary_postroute_physopted.rpt"/>
  <File Type="POSTROUTE-PHYSOPT-TIMING-PB" Name="TopPPCPU_timing_summary_postroute_physopted.pb"/>
  <File Type="POSTROUTE-PHYSOPT-TIMING-RPX" Name="TopPPCPU_timing_summary_postroute_physopted.rpx"/>
  <File Type="POSTROUTE-PHYSOPT-BUS-SKEW" Name="TopPPCPU_bus_skew_postroute_physopted.rpt"/>
  <File Type="POSTROUTE-PHYSOPT-BUS-SKEW-PB" Name="TopPPCPU_bus_skew_postroute_physopted.pb"/>
  <File Type="BG-BIT" Name="TopPPCPU.bit"/>
  <File Type="POSTROUTE-PHYSOPT-BUS-SKEW-RPX" Name="TopPPCPU_bus_skew_postroute_physopted.rpx"/>
  <File Type="BITSTR-RBT" Name="TopPPCPU.rbt"/>
  <File Type="BITSTR-NKY" Name="TopPPCPU.nky"/>
  <File Type="PDI-FILE" Name="TopPPCPU.pdi"/>
  <File Type="RCFI_FILE" Name="TopPPCPU.rcfi"/>
  <File Type="CFI_FILE" Name="TopPPCPU.cfi"/>
  <File Type="RNPI_FILE" Name="TopPPCPU.rnpi"/>
  <File Type="NPI_FILE" Name="TopPPCPU.npi"/>
  <File Type="RBD_FILE" Name="TopPPCPU.rbd"/>
  <File Type="BITSTR-LTX" Name="debug_nets.ltx"/>
  <File Type="BITSTR-LTX" Name="TopPPCPU.ltx"/>
  <File Type="BITSTR-SYSDEF" Name="TopPPCPU.sysdef"/>
  <File Type="BG-BGN" Name="TopPPCPU.bgn"/>
  <File Type="BG-DRC" Name="TopPPCPU.drc"/>
  <File Type="RDI-RDI" Name="TopPPCPU.vdi"/>
  <File Type="WBT-USG" Name="usage_statistics_webtalk.html"/>
  <FileSet Name="sources" Type="DesignSrcs" RelSrcDir="$PSRCDIR/sources_1">
    <Filter Type="Srcs"/>
    <File Path="$PPRDIR/sources/ip/datamem/datamem.xci">
      <FileInfo>
        <Attr Name="UsedIn" Val="synthesis"/>
        <Attr Name="UsedIn" Val="implementation"/>
        <Attr Name="UsedIn" Val="simulation"/>
      </FileInfo>
    </File>
    <File Path="$PPRDIR/sources/new/ALU.v">
      <FileInfo>
        <Attr Name="UsedIn" Val="synthesis"/>
        <Attr Name="UsedIn" Val="implementation"/>
        <Attr Name="UsedIn" Val="simulation"/>
      </FileInfo>
    </File>
    <File Path="$PPRDIR/sources/new/MACRO.v">
      <FileInfo>
        <Attr Name="UsedIn" Val="synthesis"/>
        <Attr Name="UsedIn" Val="implementation"/>
        <Attr Name="UsedIn" Val="simulation"/>
      </FileInfo>
    </File>
    <File Path="$PPRDIR/sources/new/ALUcontrol.v">
      <FileInfo>
        <Attr Name="UsedIn" Val="synthesis"/>
        <Attr Name="UsedIn" Val="implementation"/>
        <Attr Name="UsedIn" Val="simulation"/>
      </FileInfo>
    </File>
    <File Path="$PPRDIR/sources/new/BrhUnit.v">
      <FileInfo>
        <Attr Name="UsedIn" Val="synthesis"/>
        <Attr Name="UsedIn" Val="implementation"/>
        <Attr Name="UsedIn" Val="simulation"/>
      </FileInfo>
    </File>
    <File Path="$PPRDIR/sources/new/CPU_PL.v">
      <FileInfo>
        <Attr Name="UsedIn" Val="synthesis"/>
        <Attr Name="UsedIn" Val="implementation"/>
        <Attr Name="UsedIn" Val="simulation"/>
      </FileInfo>
    </File>
    <File Path="$PPRDIR/sources/new/Control.v">
      <FileInfo>
        <Attr Name="UsedIn" Val="synthesis"/>
        <Attr Name="UsedIn" Val="implementation"/>
        <Attr Name="UsedIn" Val="simulation"/>
      </FileInfo>
    </File>
    <File Path="$PPRDIR/sources/new/EX.v">
      <FileInfo>
        <Attr Name="UsedIn" Val="synthesis"/>
        <Attr Name="UsedIn" Val="implementation"/>
        <Attr Name="UsedIn" Val="simulation"/>
      </FileInfo>
    </File>
    <File Path="$PPRDIR/sources/new/EX_MEM.v">
      <FileInfo>
        <Attr Name="UsedIn" Val="synthesis"/>
        <Attr Name="UsedIn" Val="implementation"/>
        <Attr Name="UsedIn" Val="simulation"/>
      </FileInfo>
    </File>
    <File Path="$PPRDIR/sources/new/EX_NORMAL.v">
      <FileInfo>
        <Attr Name="UsedIn" Val="synthesis"/>
        <Attr Name="UsedIn" Val="implementation"/>
        <Attr Name="UsedIn" Val="simulation"/>
      </FileInfo>
    </File>
    <File Path="$PPRDIR/sources/new/FALU.v">
      <FileInfo>
        <Attr Name="UsedIn" Val="synthesis"/>
        <Attr Name="UsedIn" Val="implementation"/>
        <Attr Name="UsedIn" Val="simulation"/>
      </FileInfo>
    </File>
    <File Path="$PPRDIR/sources/new/FPU.v">
      <FileInfo>
        <Attr Name="UsedIn" Val="synthesis"/>
        <Attr Name="UsedIn" Val="implementation"/>
        <Attr Name="UsedIn" Val="simulation"/>
      </FileInfo>
    </File>
    <File Path="$PPRDIR/sources/new/Forward.v">
      <FileInfo>
        <Attr Name="UsedIn" Val="synthesis"/>
        <Attr Name="UsedIn" Val="implementation"/>
        <Attr Name="UsedIn" Val="simulation"/>
      </FileInfo>
    </File>
    <File Path="$PPRDIR/sources/new/Fregfile.v">
      <FileInfo>
        <Attr Name="UsedIn" Val="synthesis"/>
        <Attr Name="UsedIn" Val="implementation"/>
        <Attr Name="UsedIn" Val="simulation"/>
      </FileInfo>
    </File>
    <File Path="$PPRDIR/sources/new/HDU.v">
      <FileInfo>
        <Attr Name="UsedIn" Val="synthesis"/>
        <Attr Name="UsedIn" Val="implementation"/>
        <Attr Name="UsedIn" Val="simulation"/>
      </FileInfo>
    </File>
    <File Path="$PPRDIR/sources/new/ID.v">
      <FileInfo>
        <Attr Name="UsedIn" Val="synthesis"/>
        <Attr Name="UsedIn" Val="implementation"/>
        <Attr Name="UsedIn" Val="simulation"/>
      </FileInfo>
    </File>
    <File Path="$PPRDIR/sources/new/ID_EX.v">
      <FileInfo>
        <Attr Name="UsedIn" Val="synthesis"/>
        <Attr Name="UsedIn" Val="implementation"/>
        <Attr Name="UsedIn" Val="simulation"/>
      </FileInfo>
    </File>
    <File Path="$PPRDIR/sources/new/IF.v">
      <FileInfo>
        <Attr Name="UsedIn" Val="synthesis"/>
        <Attr Name="UsedIn" Val="implementation"/>
        <Attr Name="UsedIn" Val="simulation"/>
      </FileInfo>
    </File>
    <File Path="$PPRDIR/sources/new/IF_ID.v">
      <FileInfo>
        <Attr Name="UsedIn" Val="synthesis"/>
        <Attr Name="UsedIn" Val="implementation"/>
        <Attr Name="UsedIn" Val="simulation"/>
      </FileInfo>
    </File>
    <File Path="$PPRDIR/sources/new/IGU.v">
      <FileInfo>
        <Attr Name="UsedIn" Val="synthesis"/>
        <Attr Name="UsedIn" Val="implementation"/>
        <Attr Name="UsedIn" Val="simulation"/>
      </FileInfo>
    </File>
    <File Path="$PPRDIR/sources/new/MEM.v">
      <FileInfo>
        <Attr Name="UsedIn" Val="synthesis"/>
        <Attr Name="UsedIn" Val="implementation"/>
        <Attr Name="UsedIn" Val="simulation"/>
      </FileInfo>
    </File>
    <File Path="$PPRDIR/sources/new/MEM_WB.v">
      <FileInfo>
        <Attr Name="UsedIn" Val="synthesis"/>
        <Attr Name="UsedIn" Val="implementation"/>
        <Attr Name="UsedIn" Val="simulation"/>
      </FileInfo>
    </File>
    <File Path="$PPRDIR/sources/new/Normal.v">
      <FileInfo>
        <Attr Name="UsedIn" Val="synthesis"/>
        <Attr Name="UsedIn" Val="implementation"/>
        <Attr Name="UsedIn" Val="simulation"/>
      </FileInfo>
    </File>
    <File Path="$PPRDIR/sources/new/PRE_EX.v">
      <FileInfo>
        <Attr Name="UsedIn" Val="synthesis"/>
        <Attr Name="UsedIn" Val="implementation"/>
        <Attr Name="UsedIn" Val="simulation"/>
      </FileInfo>
    </File>
    <File Path="$PPRDIR/sources/new/PipeLineCPU.v">
      <FileInfo>
        <Attr Name="UsedIn" Val="synthesis"/>
        <Attr Name="UsedIn" Val="implementation"/>
        <Attr Name="UsedIn" Val="simulation"/>
      </FileInfo>
    </File>
    <File Path="$PPRDIR/sources/new/Regfile.v">
      <FileInfo>
        <Attr Name="UsedIn" Val="synthesis"/>
        <Attr Name="UsedIn" Val="implementation"/>
        <Attr Name="UsedIn" Val="simulation"/>
      </FileInfo>
    </File>
    <File Path="$PPRDIR/sources/new/SWAP.v">
      <FileInfo>
        <Attr Name="UsedIn" Val="synthesis"/>
        <Attr Name="UsedIn" Val="implementation"/>
        <Attr Name="UsedIn" Val="simulation"/>
      </FileInfo>
    </File>
    <File Path="$PPRDIR/sources/new/Shift.v">
      <FileInfo>
        <Attr Name="UsedIn" Val="synthesis"/>
        <Attr Name="UsedIn" Val="implementation"/>
        <Attr Name="UsedIn" Val="simulation"/>
      </FileInfo>
    </File>
    <File Path="$PPRDIR/sources/new/pdu_pl_0511.v">
      <FileInfo>
        <Attr Name="UsedIn" Val="synthesis"/>
        <Attr Name="UsedIn" Val="implementation"/>
        <Attr Name="UsedIn" Val="simulation"/>
      </FileInfo>
    </File>
    <File Path="$PPRDIR/sources/new/TopPPCPU.v">
      <FileInfo>
        <Attr Name="UsedIn" Val="synthesis"/>
        <Attr Name="UsedIn" Val="implementation"/>
        <Attr Name="UsedIn" Val="simulation"/>
      </FileInfo>
    </File>
    <File Path="$PPRDIR/sources/ip/dist_mem_gen_0/dist_mem_gen_0.xci">
      <FileInfo>
        <Attr Name="AutoDisabled" Val="1"/>
        <Attr Name="UsedIn" Val="synthesis"/>
        <Attr Name="UsedIn" Val="implementation"/>
        <Attr Name="UsedIn" Val="simulation"/>
      </FileInfo>
    </File>
    <File Path="$PPRDIR/sources/new/WB.v">
      <FileInfo>
        <Attr Name="AutoDisabled" Val="1"/>
        <Attr Name="UsedIn" Val="synthesis"/>
        <Attr Name="UsedIn" Val="implementation"/>
        <Attr Name="UsedIn" Val="simulation"/>
      </FileInfo>
    </File>
    <File Path="$PPRDIR/sources/new/FControl.v">
      <FileInfo>
        <Attr Name="AutoDisabled" Val="1"/>
        <Attr Name="UsedIn" Val="synthesis"/>
        <Attr Name="UsedIn" Val="implementation"/>
        <Attr Name="UsedIn" Val="simulation"/>
      </FileInfo>
    </File>
    <File Path="$PPRDIR/sources/new/Branch.v">
      <FileInfo>
        <Attr Name="AutoDisabled" Val="1"/>
        <Attr Name="UsedIn" Val="synthesis"/>
        <Attr Name="UsedIn" Val="implementation"/>
        <Attr Name="UsedIn" Val="simulation"/>
      </FileInfo>
    </File>
    <File Path="$PPRDIR/floatins.coe">
      <FileInfo>
        <Attr Name="UsedIn" Val="synthesis"/>
        <Attr Name="UsedIn" Val="simulation"/>
      </FileInfo>
    </File>
    <File Path="$PPRDIR/data.coe">
      <FileInfo>
        <Attr Name="UsedIn" Val="synthesis"/>
        <Attr Name="UsedIn" Val="simulation"/>
      </FileInfo>
    </File>
    <File Path="$PPRDIR/fins.coe">
      <FileInfo>
        <Attr Name="UsedIn" Val="synthesis"/>
        <Attr Name="UsedIn" Val="simulation"/>
      </FileInfo>
    </File>
    <Config>
      <Option Name="DesignMode" Val="RTL"/>
      <Option Name="TopModule" Val="TopPPCPU"/>
      <Option Name="TopAutoSet" Val="TRUE"/>
    </Config>
  </FileSet>
  <FileSet Name="constrs_in" Type="Constrs" RelSrcDir="$PSRCDIR/constrs_1">
    <Filter Type="Constrs"/>
    <File Path="$PPRDIR/fpgaol.xdc">
      <FileInfo>
        <Attr Name="UsedIn" Val="synthesis"/>
        <Attr Name="UsedIn" Val="implementation"/>
      </FileInfo>
    </File>
    <Config>
      <Option Name="ConstrsType" Val="XDC"/>
    </Config>
  </FileSet>
  <FileSet Name="utils" Type="Utils" RelSrcDir="$PSRCDIR/utils_1">
    <Filter Type="Utils"/>
    <Config>
      <Option Name="TopAutoSet" Val="TRUE"/>
    </Config>
  </FileSet>
  <Strategy Version="1" Minor="2">
    <StratHandle Name="Vivado Implementation Defaults" Flow="Vivado Implementation 2020"/>
    <Step Id="init_design"/>
    <Step Id="opt_design"/>
    <Step Id="power_opt_design"/>
    <Step Id="place_design"/>
    <Step Id="post_place_power_opt_design"/>
    <Step Id="phys_opt_design"/>
    <Step Id="route_design"/>
    <Step Id="post_route_phys_opt_design"/>
    <Step Id="write_bitstream"/>
  </Strategy>
  <BlockFileSet Type="BlockSrcs" Name="insmem"/>
</GenRun>
