<?xml version="1.0" encoding="UTF-8"?>
<GenRun Id="num_synth_1" LaunchPart="xc7a100tcsg324-1" LaunchTime="1589357636">
  <File Type="PA-TCL" Name="num.tcl"/>
  <File Type="REPORTS-TCL" Name="num_reports.tcl"/>
  <File Type="RDS-RDS" Name="num.vds"/>
  <File Type="RDS-UTIL" Name="num_utilization_synth.rpt"/>
  <File Type="RDS-UTIL-PB" Name="num_utilization_synth.pb"/>
  <File Type="RDS-DCP" Name="num.dcp"/>
  <FileSet Name="sources" Type="BlockSrcs" RelSrcDir="$PSRCDIR/num">
    <File Path="$PSRCDIR/sources_1/ip/num/num.xci">
      <FileInfo>
        <Attr Name="UsedIn" Val="synthesis"/>
        <Attr Name="UsedIn" Val="implementation"/>
        <Attr Name="UsedIn" Val="simulation"/>
      </FileInfo>
    </File>
    <Config>
      <Option Name="TopModule" Val="num"/>
      <Option Name="UseBlackboxStub" Val="1"/>
    </Config>
  </FileSet>
  <FileSet Name="constrs_in" Type="BlockSrcs" RelSrcDir="$PSRCDIR/num">
    <File Path="$PSRCDIR/sources_1/ip/num/num.xci">
      <FileInfo>
        <Attr Name="UsedIn" Val="synthesis"/>
        <Attr Name="UsedIn" Val="implementation"/>
        <Attr Name="UsedIn" Val="simulation"/>
      </FileInfo>
    </File>
    <Config>
      <Option Name="TopModule" Val="num"/>
      <Option Name="UseBlackboxStub" Val="1"/>
    </Config>
  </FileSet>
  <FileSet Name="utils" Type="Utils" RelSrcDir="$PSRCDIR/utils_1">
    <Filter Type="Utils"/>
    <Config>
      <Option Name="TopAutoSet" Val="TRUE"/>
    </Config>
  </FileSet>
  <Strategy Version="1" Minor="2">
    <StratHandle Name="Vivado Synthesis Defaults" Flow="Vivado Synthesis 2019"/>
    <Step Id="synth_design"/>
  </Strategy>
</GenRun>
